{
  "directions": {
    "behind": [
      -0.754490315914154,
      0.6563112735748291,
      0.0
    ],
    "left": [
      -0.6563112735748291,
      -0.7544902563095093,
      0.0
    ],
    "right": [
      0.6563112735748291,
      0.7544902563095093,
      -0.0
    ],
    "front": [
      0.754490315914154,
      -0.6563112735748291,
      -0.0
    ],
    "below": [
      -0.0,
      -0.0,
      -1.0
    ],
    "above": [
      0.0,
      0.0,
      1.0
    ]
  },
  "image_filename": "CLEVR_val_000003.png",
  "split": "val",
  "relationships": {
    "behind": [
      [],
      [
        0,
        2,
        4,
        6,
        8
      ],
      [],
      [
        0,
        2,
        4,
        6,
        8,
        10
      ],
      [],
      [
        0,
        1,
        2,
        4,
        6,
        8,
        10
      ],
      [
        0
      ],
      [
        0,
        1,
        2,
        3,
        4,
        6,
        8,
        10
      ],
      [
        0,
        2,
        4
      ],
      [
        0,
        1,
        2,
        3,
        4,
        5,
        6,
        8,
        10
      ],
      [
        0,
        2,
        4,
        6
      ],
      [
        0,
        1,
        2,
        3,
        4,
        5,
        6,
        8,
        10
      ]
    ],
    "left": [
      [],
      [
        0
      ],
      [
        0,
        1
      ],
      [
        0,
        1,
        2
      ],
      [
        0,
        1,
        2,
        3
      ],
      [
        0,
        1,
        2,
        3,
        4
      ],
      [
        0,
        1,
        2,
        3,
        4,
        5
      ],
      [
        0,
        1,
        2,
        3,
        4,
        5,
        6
      ],
      [
        0,
        1,
        2,
        3,
        4,
        5,
        6,
        7
      ],
      [
        0,
        1,
        2,
        3,
        4,
        5,
        6,
        7,
        8
      ],
      [
        0,
        1,
        2,
        3,
        4,
        5,
        6,
        7,
        8,
        9
      ],
      [
        0,
        1,
        2,
        3,
        4,
        5,
        6,
        7,
        8,
        9,
        10
      ]
    ],
    "right": [
      [
        1,
        2,
        3,
        4,
        5,
        6,
        7,
        8,
        9,
        10,
        11
      ],
      [
        2,
        3,
        4,
        5,
        6,
        7,
        8,
        9,
        10,
        11
      ],
      [
        3,
        4,
        5,
        6,
        7,
        8,
        9,
        10,
        11
      ],
      [
        4,
        5,
        6,
        7,
        8,
        9,
        10,
        11
      ],
      [
        5,
        6,
        7,
        8,
        9,
        10,
        11
      ],
      [
        6,
        7,
        8,
        9,
        10,
        11
      ],
      [
        7,
        8,
        9,
        10,
        11
      ],
      [
        8,
        9,
        10,
        11
      ],
      [
        9,
        10,
        11
      ],
      [
        10,
        11
      ],
      [
        11
      ],
      []
    ],
    "front": [
      [
        1,
        3,
        5,
        6,
        7,
        8,
        9,
        10,
        11
      ],
      [
        5,
        7,
        9,
        11
      ],
      [
        1,
        3,
        5,
        7,
        8,
        9,
        10,
        11
      ],
      [
        7,
        9,
        11
      ],
      [
        1,
        3,
        5,
        7,
        8,
        9,
        10,
        11
      ],
      [
        9,
        11
      ],
      [
        1,
        3,
        5,
        7,
        9,
        10,
        11
      ],
      [],
      [
        1,
        3,
        5,
        7,
        9,
        11
      ],
      [],
      [
        3,
        5,
        7,
        9,
        11
      ],
      []
    ]
  },
  "image_index": 3,
  "objects": [
    {
      "size": "small",
      "pixel_coords": [
        48,
        139,
        11.352639198303223
      ],
      "rotation": 0.0,
      "shape": "sphere",
      "3d_coords": [
        -2.950000047683716,
        -2.950000047683716,
        0.3499999940395355
      ],
      "color": "red",
      "material": "metal"
    },
    {
      "size": "small",
      "pixel_coords": [
        65,
        153,
        10.7880859375
      ],
      "rotation": 0.0,
      "shape": "cylinder",
      "3d_coords": [
        -2.0999999046325684,
        -2.950000047683716,
        0.3499999940395355
      ],
      "color": "brown",
      "material": "rubber"
    },
    {
      "size": "small",
      "pixel_coords": [
        105,
        142,
        11.23759651184082
      ],
      "rotation": 0.0,
      "shape": "sphere",
      "3d_coords": [
        -2.0199999809265137,
        -2.0799999237060547,
        0.3499999940395355
      ],
      "color": "red",
      "material": "metal"
    },
    {
      "size": "small",
      "pixel_coords": [
        126,
        155,
        10.69701862335205
      ],
      "rotation": 0.0,
      "shape": "cylinder",
      "3d_coords": [
        -1.1799999475479126,
        -2.049999952316284,
        0.3499999940395355
      ],
      "color": "brown",
      "material": "rubber"
    },
    {
      "size": "small",
      "pixel_coords": [
        170,
        142,
        11.238968849182129
      ],
      "rotation": 0.0,
      "shape": "sphere",
      "3d_coords": [
        -1.100000023841858,
        -1.0199999809265137,
        0.3499999940395355
      ],
      "color": "red",
      "material": "metal"
    },
    {
      "size": "small",
      "pixel_coords": [
        195,
        159,
        10.572468757629395
      ],
      "rotation": 0.0,
      "shape": "cylinder",
      "3d_coords": [
        -0.14000000059604645,
        -1.0700000524520874,
        0.3499999940395355
      ],
      "color": "brown",
      "material": "rubber"
    },
    {
      "size": "small",
      "pixel_coords": [
        235,
        146,
        11.073112487792969
      ],
      "rotation": 0.0,
      "shape": "sphere",
      "3d_coords": [
        -0.05000000074505806,
        -0.10000000149011612,
        0.3499999940395355
      ],
      "color": "green",
      "material": "metal"
    },
    {
      "size": "small",
      "pixel_coords": [
        266,
        161,
        10.47362232208252
      ],
      "rotation": 0.0,
      "shape": "cylinder",
      "3d_coords": [
        0.8700000047683716,
        -0.07999999821186066,
        0.3499999940395355
      ],
      "color": "brown",
      "material": "rubber"
    },
    {
      "size": "small",
      "pixel_coords": [
        301,
        148,
        10.981771469116211
      ],
      "rotation": 0.0,
      "shape": "sphere",
      "3d_coords": [
        0.9399999976158142,
        0.8799999952316284,
        0.3499999940395355
      ],
      "color": "green",
      "material": "metal"
    },
    {
      "size": "small",
      "pixel_coords": [
        340,
        164,
        10.396157264709473
      ],
      "rotation": 0.0,
      "shape": "cylinder",
      "3d_coords": [
        1.899999976158142,
        0.9700000286102295,
        0.3499999940395355
      ],
      "color": "brown",
      "material": "rubber"
    },
    {
      "size": "small",
      "pixel_coords": [
        370,
        150,
        10.89448070526123
      ],
      "rotation": 0.0,
      "shape": "sphere",
      "3d_coords": [
        1.9500000476837158,
        1.8899999856948853,
        0.3499999940395355
      ],
      "color": "green",
      "material": "metal"
    },
    {
      "size": "small",
      "pixel_coords": [
        414,
        165,
        10.332839965820312
      ],
      "rotation": 0.0,
      "shape": "cylinder",
      "3d_coords": [
        2.9000000953674316,
        2.009999990463257,
        0.3499999940395355
      ],