lr-Adam,step,train_loss,epoch,accuracy
0.0003,49,,,
,49,0.5155515074729919,0,
0.0003,99,,,
,99,0.5785590410232544,0,
0.0003,149,,,
,149,0.5490900874137878,0,
,149,,0,0.42399999499320984
0.0003,199,,,
,199,0.5540960431098938,1,
0.0003,249,,,
,249,0.6061916351318359,1,
0.0003,299,,,
,299,0.6389951705932617,1,
,299,,1,0.4000000059604645
0.0003,349,,,
,349,0.48753848671913147,2,
0.0003,399,,,
,399,0.49928194284439087,2,
0.0003,449,,,
,449,0.5723063349723816,2,
