{
  "image_filename": "CLEVR_val_000003.png",
  "directions": {
    "behind": [
      -0.754490315914154,
      0.6563112735748291,
      0.0
    ],
    "right": [
      0.6563112735748291,
      0.7544902563095093,
      -0.0
    ],
    "above": [
      0.0,
      0.0,
      1.0
    ],
    "below": [
      -0.0,
      -0.0,
      -1.0
    ],
    "front": [
      0.754490315914154,
      -0.6563112735748291,
      -0.0
    ],
    "left": [
      -0.6563112735748291,
      -0.7544902563095093,
      0.0
    ]
  },
  "relationships": {
    "behind": [
      [],
      [
        0,
        2,
        4,
        6,
        8
      ],
      [],
      [
        0,
        1,
        2,
        4,
        6,
        8,
        10
      ],
      [],
      [
        0,
        1,
        2,
        4,
        6,
        8,
        10
      ],
      [
        0,
        2
      ],
      [
        0,
        1,
        2,
        4,
        6,
        8,
        10
      ],
      [
        0,
        2,
        4
      ],
      [
        0,
        1,
        2,
        3,
        4,
        6,
        8,
        10
      ],
      [
        0,
        2,
        4,
        6
      ],
      [
        0,
        1,
        2,
        3,
        4,
        5,
        6,
        7,
        8,
        10
      ]
    ],
    "front": [
      [
        1,
        3,
        5,
        6,
        7,
        8,
        9,
        10,
        11
      ],
      [
        3,
        5,
        7,
        9,
        11
      ],
      [
        1,
        3,
        5,
        6,
        7,
        8,
        9,
        10,
        11
      ],
      [
        9,
        11
      ],
      [
        1,
        3,
        5,
        7,
        8,
        9,
        10,
        11
      ],
      [
        11
      ],
      [
        1,
        3,
        5,
        7,
        9,
        10,
        11
      ],
      [
        11
      ],
      [
        1,
        3,
        5,
        7,
        9,
        11
      ],
      [],
      [
        3,
        5,
        7,
        9,
        11
      ],
      []
    ],
    "right": [
      [
        1,
        2,
        3,
        4,
        5,
        6,
        7,
        8,
        9,
        10,
        11
      ],
      [
        2,
        3,
        4,
        5,
        6,
        7,
        8,
        9,
        10,
        11
      ],
      [
        3,
        4,
        5,
        6,
        7,
        8,
        9,
        10,
        11
      ],
      [
        4,
        5,
        6,
        7,
        8,
        9,
        10,
        11
      ],
      [
        5,
        6,
        7,
        8,
        9,
        10,
        11
      ],
      [
        6,
        7,
        8,
        9,
        10,
        11
      ],
      [
        7,
        8,
        9,
        10,
        11
      ],
      [
        8,
        9,
        10,
        11
      ],
      [
        9,
        10,
        11
      ],
      [
        10,
        11
      ],
      [
        11
      ],
      []
    ],
    "left": [
      [],
      [
        0
      ],
      [
        0,
        1
      ],
      [
        0,
        1,
        2
      ],
      [
        0,
        1,
        2,
        3
      ],
      [
        0,
        1,
        2,
        3,
        4
      ],
      [
        0,
        1,
        2,
        3,
        4,
        5
      ],
      [
        0,
        1,
        2,
        3,
        4,
        5,
        6
      ],
      [
        0,
        1,
        2,
        3,
        4,
        5,
        6,
        7
      ],
      [
        0,
        1,
        2,
        3,
        4,
        5,
        6,
        7,
        8
      ],
      [
        0,
        1,
        2,
        3,
        4,
        5,
        6,
        7,
        8,
        9
      ],
      [
        0,
        1,
        2,
        3,
        4,
        5,
        6,
        7,
        8,
        9,
        10
      ]
    ]
  },
  "image_index": 3,
  "objects": [
    {
      "rotation": 0.0,
      "pixel_coords": [
        48,
        139,
        11.352639198303223
      ],
      "3d_coords": [
        -2.950000047683716,
        -2.950000047683716,
        0.3499999940395355
      ],
      "color": "green",
      "material": "metal",
      "size": "small",
      "shape": "cube"
    },
    {
      "rotation": 0.0,
      "pixel_coords": [
        65,
        153,
        10.774803161621094
      ],
      "3d_coords": [
        -2.0799999237060547,
        -2.950000047683716,
        0.3499999940395355
      ],
      "color": "red",
      "material": "rubber",
      "size": "small",
      "shape": "cylinder"
    },
    {
      "rotation": 0.0,
      "pixel_coords": [
        107,
        141,
        11.291322708129883
      ],
      "3d_coords": [
        -2.0399999618530273,
        -2.009999990463257,
        0.3499999940395355
      ],
      "color": "green",
      "material": "metal",
      "size": "small",
      "shape": "cube"
    },
    {
      "rotation": 0.0,
      "pixel_coords": [
        125,
        158,
        10.591021537780762
      ],
      "3d_coords": [
        -1.090000033378601,
        -2.130000114440918,
        0.3499999940395355
      ],
      "color": "red",
      "material": "rubber",
      "size": "small",
      "shape": "cylinder"
    },
    {
      "rotation": 0.0,
      "pixel_coords": [
        170,
        142,
        11.238968849182129
      ],
      "3d_coords": [
        -1.100000023841858,
        -1.0199999809265137,
        0.3499999940395355
      ],
      "color": "green",
      "material": "metal",
      "size": "small",
      "shape": "cube"
    },
    {
      "rotation": 0.0,
      "pixel_coords": [
        196,
        160,
        10.50950813293457
      ],
      "3d_coords": [
        -0.07999999821186066,
        -1.1100000143051147,
        0.3499999940395355
      ],
      "color": "red",
      "material": "rubber",
      "size": "small",
      "shape": "cylinder"
    },
    {
      "rotation": 0.0,
      "pixel_coords": [
        232,
        145,
        11.1138277053833
      ],
      "3d_coords": [
        -0.11999999731779099,
        -0.10999999940395355,
        0.3499999940395355
      ],
      "color": "purple",
      "material": "metal",
      "size": "small",
      "shape": "cube"
    },
    {
      "rotation": 0.0,
      "pixel_coords": [
        272,
        161,
        10.497323989868164
      ],
      "3d_coords": [
        0.9300000071525574,
        0.029999999329447746,
        0.3499999940395355
      ],
      "color": "red",
      "material": "rubber",
      "size": "small",
      "shape": "cylinder"
    },
    {
      "rotation": 0.0,
      "pixel_coords": [
        306,
        148,
        10.9823637008667
      ],
      "3d_coords": [
        1.0,
        0.949999988079071,
        0.3499999940395355
      ],
      "color": "purple",
      "material": "metal",
      "size": "small",
      "shape": "cube"
    },
    {
      "rotation": 0.0,
      "pixel_coords": [
        338,
        165,
        10.34907341003418
      ],
      "3d_coords": [
        1.909999966621399,
        0.8999999761581421,
        0.3499999940395355
      ],
      "color": "red",
      "material": "rubber",
      "size": "small",
      "shape": "cylinder"
    },
    {
      "rotation": 0.0,
      "pixel_coords": [
        373,
        150,
        10.928281784057617
      ],
      "3d_coords": [
        1.9600000381469727,
        1.9600000381469727,
        0.3499999940395355
      ],
      "color": "purple",
      "material": "metal",
      "size": "small",
      "shape": "cube"
    },
    {
      "rotation": 0.0,
      "pixel_coords": [
        409,
        166,
        10.30163288116455
      ],
      "3d_coords": [
        2.859999895095825,
        1.909999966621399,
        0.3499999940395355
      ],
      "color": "red",
      "material": "rubber",
      "size": "small",