{
  "directions": {
    "front": [
      0.754490315914154,
      -0.6563112735748291,
      -0.0
    ],
    "left": [
      -0.6563112735748291,
      -0.7544902563095093,
      0.0
    ],
    "behind": [
      -0.754490315914154,
      0.6563112735748291,
      0.0
    ],
    "right": [
      0.6563112735748291,
      0.7544902563095093,
      -0.0
    ],
    "below": [
      -0.0,
      -0.0,
      -1.0
    ],
    "above": [
      0.0,
      0.0,
      1.0
    ]
  },
  "relationships": {
    "behind": [
      [],
      [
        0,
        2,
        4,
        6,
        8
      ],
      [
        0
      ],
      [
        0,
        2,
        4,
        6,
        8,
        10
      ],
      [
        0
      ],
      [
        0,
        1,
        2,
        4,
        6,
        8,
        10
      ],
      [
        0
      ],
      [
        0,
        1,
        2,
        3,
        4,
        6,
        8,
        10
      ],
      [
        0,
        2,
        4
      ],
      [
        0,
        1,
        2,
        3,
        4,
        5,
        6,
        8,
        10
      ],
      [
        0,
        2,
        4
      ],
      [
        0,
        1,
        2,
        3,
        4,
        6,
        8,
        10
      ]
    ],
    "front": [
      [
        1,
        2,
        3,
        4,
        5,
        6,
        7,
        8,
        9,
        10,
        11
      ],
      [
        5,
        7,
        9,
        11
      ],
      [
        1,
        3,
        5,
        7,
        8,
        9,
        10,
        11
      ],
      [
        7,
        9,
        11
      ],
      [
        1,
        3,
        5,
        7,
        8,
        9,
        10,
        11
      ],
      [
        9
      ],
      [
        1,
        3,
        5,
        7,
        9,
        11
      ],
      [],
      [
        1,
        3,
        5,
        7,
        9,
        11
      ],
      [],
      [
        3,
        5,
        7,
        9,
        11
      ],
      []
    ],
    "left": [
      [],
      [
        0
      ],
      [
        0,
        1
      ],
      [
        0,
        1,
        2
      ],
      [
        0,
        1,
        2,
        3
      ],
      [
        0,
        1,
        2,
        3,
        4
      ],
      [
        0,
        1,
        2,
        3,
        4,
        5
      ],
      [
        0,
        1,
        2,
        3,
        4,
        5,
        6
      ],
      [
        0,
        1,
        2,
        3,
        4,
        5,
        6,
        7
      ],
      [
        0,
        1,
        2,
        3,
        4,
        5,
        6,
        7,
        8
      ],
      [
        0,
        1,
        2,
        3,
        4,
        5,
        6,
        7,
        8,
        9
      ],
      [
        0,
        1,
        2,
        3,
        4,
        5,
        6,
        7,
        8,
        9,
        10
      ]
    ],
    "right": [
      [
        1,
        2,
        3,
        4,
        5,
        6,
        7,
        8,
        9,
        10,
        11
      ],
      [
        2,
        3,
        4,
        5,
        6,
        7,
        8,
        9,
        10,
        11
      ],
      [
        3,
        4,
        5,
        6,
        7,
        8,
        9,
        10,
        11
      ],
      [
        4,
        5,
        6,
        7,
        8,
        9,
        10,
        11
      ],
      [
        5,
        6,
        7,
        8,
        9,
        10,
        11
      ],
      [
        6,
        7,
        8,
        9,
        10,
        11
      ],
      [
        7,
        8,
        9,
        10,
        11
      ],
      [
        8,
        9,
        10,
        11
      ],
      [
        9,
        10,
        11
      ],
      [
        10,
        11
      ],
      [
        11
      ],
      []
    ]
  },
  "objects": [
    {
      "size": "small",
      "shape": "sphere",
      "rotation": 0.0,
      "color": "yellow",
      "material": "metal",
      "3d_coords": [
        -2.9100000858306885,
        -2.950000047683716,
        0.3499999940395355
      ],
      "pixel_coords": [
        48,
        140,
        11.326071739196777
      ]
    },
    {
      "size": "small",
      "shape": "cylinder",
      "rotation": 0.0,
      "color": "blue",
      "material": "rubber",
      "3d_coords": [
        -1.9299999475479126,
        -2.950000047683716,
        0.3499999940395355
      ],
      "pixel_coords": [
        68,
        156,
        10.675175666809082
      ]
    },
    {
      "size": "small",
      "shape": "sphere",
      "rotation": 0.0,
      "color": "yellow",
      "material": "metal",
      "3d_coords": [
        -1.909999966621399,
        -2.119999885559082,
        0.3499999940395355
      ],
      "pixel_coords": [
        106,
        144,
        11.141426086425781
      ]
    },
    {
      "size": "small",
      "shape": "cylinder",
      "rotation": 0.0,
      "color": "blue",
      "material": "rubber",
      "3d_coords": [
        -0.9599999785423279,
        -2.069999933242798,
        0.3499999940395355
      ],
      "pixel_coords": [
        131,
        160,
        10.53934383392334
      ]
    },
    {
      "size": "small",
      "shape": "sphere",
      "rotation": 0.0,
      "color": "yellow",
      "material": "metal",
      "3d_coords": [
        -0.8600000143051147,
        -1.059999942779541,
        0.3499999940395355
      ],
      "pixel_coords": [
        175,
        146,
        11.056455612182617
      ]
    },
    {
      "size": "small",
      "shape": "cylinder",
      "rotation": 0.0,
      "color": "blue",
      "material": "rubber",
      "3d_coords": [
        0.10999999940395355,
        -1.059999942779541,
        0.3499999940395355
      ],
      "pixel_coords": [
        203,
        163,
        10.412201881408691
      ]
    },
    {
      "size": "small",
      "shape": "sphere",
      "rotation": 0.0,
      "color": "purple",
      "material": "metal",
      "3d_coords": [
        0.15000000596046448,
        -0.03999999910593033,
        0.3499999940395355
      ],
      "pixel_coords": [
        243,
        148,
        10.97494125366211
      ]
    },
    {
      "size": "small",
      "shape": "cylinder",
      "rotation": 0.0,
      "color": "blue",
      "material": "rubber",
      "3d_coords": [
        1.1299999952316284,
        -0.09000000357627869,
        0.3499999940395355
      ],
      "pixel_coords": [
        274,
        166,
        10.295158386230469
      ]
    },
    {
      "size": "small",
      "shape": "sphere",
      "rotation": 0.0,
      "color": "purple",
      "material": "metal",
      "3d_coords": [
        1.1699999570846558,
        0.9200000166893005,
        0.3499999940395355
      ],
      "pixel_coords": [
        311,
        151,
        10.852120399475098
      ]
    },
    {
      "size": "small",
      "shape": "cylinder",
      "rotation": 0.0,
      "color": "blue",
      "material": "rubber",
      "3d_coords": [
        2.1500000953674316,
        0.8999999761581421,
        0.3499999940395355
      ],
      "pixel_coords": [
        348,
        169,
        10.189669609069824
      ]
    },
    {
      "size": "small",
      "shape": "sphere",
      "rotation": 0.0,
      "color": "purple",
      "material": "metal",
      "3d_coords": [
        2.0799999237060547,
        1.8799999952316284,
        0.3499999940395355
      ],
      "pixel_coords": [
        375,
        153,
        10.802359580993652
      ]
    },
    {
      "size": "small",
      "shape": "cylinder",
      "rotation": 0.0,
      "color": "blue",
      "material": "rubber",
      "3d_coords": [
        2.950000047683716,
        1.9700000286102295,
        0.3499999940395355
      ],
      "pixel_coords": [
        415,
        167,
        10.276521682739258
      ]
    }
  ],