{
  "directions": {
    "below": [
      -0.0,
      -0.0,
      -1.0
    ],
    "above": [
      0.0,
      0.0,
      1.0
    ],
    "right": [
      0.6563112735748291,
      0.7544902563095093,
      -0.0
    ],
    "front": [
      0.754490315914154,
      -0.6563112735748291,
      -0.0
    ],
    "behind": [
      -0.754490315914154,
      0.6563112735748291,
      0.0
    ],
    "left": [
      -0.6563112735748291,
      -0.7544902563095093,
      0.0
    ]
  },
  "split": "val",
  "relationships": {
    "right": [
      [
        1,
        2,
        3,
        4,
        5,
        6,
        7,
        8,
        9,
        10,
        11
      ],
      [
        2,
        3,
        4,
        5,
        6,
        7,
        8,
        9,
        10,
        11
      ],
      [
        3,
        4,
        5,
        6,
        7,
        8,
        9,
        10,
        11
      ],
      [
        4,
        5,
        6,
        7,
        8,
        9,
        10,
        11
      ],
      [
        5,
        6,
        7,
        8,
        9,
        10,
        11
      ],
      [
        6,
        7,
        8,
        9,
        10,
        11
      ],
      [
        7,
        8,
        9,
        10,
        11
      ],
      [
        8,
        9,
        10,
        11
      ],
      [
        9,
        10,
        11
      ],
      [
        10,
        11
      ],
      [
        11
      ],
      []
    ],
    "front": [
      [
        1,
        3,
        5,
        7,
        8,
        9,
        10,
        11
      ],
      [
        5,
        7,
        9,
        11
      ],
      [
        1,
        3,
        5,
        7,
        8,
        9,
        10,
        11
      ],
      [
        7,
        9,
        11
      ],
      [
        1,
        3,
        5,
        7,
        9,
        10,
        11
      ],
      [
        9,
        11
      ],
      [
        1,
        3,
        5,
        7,
        9,
        10,
        11
      ],
      [],
      [
        1,
        3,
        5,
        7,
        9,
        10,
        11
      ],
      [],
      [
        3,
        5,
        7,
        9,
        11
      ],
      []
    ],
    "behind": [
      [],
      [
        0,
        2,
        4,
        6,
        8
      ],
      [],
      [
        0,
        2,
        4,
        6,
        8,
        10
      ],
      [],
      [
        0,
        1,
        2,
        4,
        6,
        8,
        10
      ],
      [],
      [
        0,
        1,
        2,
        3,
        4,
        6,
        8,
        10
      ],
      [
        0,
        2
      ],
      [
        0,
        1,
        2,
        3,
        4,
        5,
        6,
        8,
        10
      ],
      [
        0,
        2,
        4,
        6,
        8
      ],
      [
        0,
        1,
        2,
        3,
        4,
        5,
        6,
        8,
        10
      ]
    ],
    "left": [
      [],
      [
        0
      ],
      [
        0,
        1
      ],
      [
        0,
        1,
        2
      ],
      [
        0,
        1,
        2,
        3
      ],
      [
        0,
        1,
        2,
        3,
        4
      ],
      [
        0,
        1,
        2,
        3,
        4,
        5
      ],
      [
        0,
        1,
        2,
        3,
        4,
        5,
        6
      ],
      [
        0,
        1,
        2,
        3,
        4,
        5,
        6,
        7
      ],
      [
        0,
        1,
        2,
        3,
        4,
        5,
        6,
        7,
        8
      ],
      [
        0,
        1,
        2,
        3,
        4,
        5,
        6,
        7,
        8,
        9
      ],
      [
        0,
        1,
        2,
        3,
        4,
        5,
        6,
        7,
        8,
        9,
        10
      ]
    ]
  },
  "image_index": 3,
  "objects": [
    {
      "rotation": 0.0,
      "3d_coords": [
        -2.950000047683716,
        -2.940000057220459,
        0.3499999940395355
      ],
      "size": "small",
      "pixel_coords": [
        48,
        139,
        11.358416557312012
      ],
      "material": "metal",
      "shape": "cube",
      "color": "red"
    },
    {
      "rotation": 0.0,
      "3d_coords": [
        -2.0999999046325684,
        -2.890000104904175,
        0.3499999940395355
      ],
      "size": "small",
      "pixel_coords": [
        67,
        152,
        10.82275104522705
      ],
      "material": "rubber",
      "shape": "sphere",
      "color": "blue"
    },
    {
      "rotation": 0.0,
      "3d_coords": [
        -2.049999952316284,
        -1.909999966621399,
        0.3499999940395355
      ],
      "size": "small",
      "pixel_coords": [
        111,
        139,
        11.35573959350586
      ],
      "material": "metal",
      "shape": "cube",
      "color": "red"
    },
    {
      "rotation": 0.0,
      "3d_coords": [
        -1.100000023841858,
        -1.8300000429153442,
        0.3499999940395355
      ],
      "size": "small",
      "pixel_coords": [
        138,
        154,
        10.770989418029785
      ],
      "material": "rubber",
      "shape": "sphere",
      "color": "blue"
    },
    {
      "rotation": 0.0,
      "3d_coords": [
        -1.0700000524520874,
        -0.9800000190734863,
        0.3499999940395355
      ],
      "size": "small",
      "pixel_coords": [
        173,
        142,
        11.24215316772461
      ],
      "material": "metal",
      "shape": "cube",
      "color": "red"
    },
    {
      "rotation": 0.0,
      "3d_coords": [
        -0.05000000074505806,
        -0.8600000143051147,
        0.3499999940395355
      ],
      "size": "small",
      "pixel_coords": [
        206,
        157,
        10.634020805358887
      ],
      "material": "rubber",
      "shape": "sphere",
      "color": "blue"
    },
    {
      "rotation": 0.0,
      "3d_coords": [
        -0.07999999821186066,
        0.17000000178813934,
        0.3499999940395355
      ],
      "size": "small",
      "pixel_coords": [
        244,
        142,
        11.249031066894531
      ],
      "material": "metal",
      "shape": "cube",
      "color": "yellow"
    },
    {
      "rotation": 0.0,
      "3d_coords": [
        0.9700000286102295,
        0.10999999940395355,
        0.3499999940395355
      ],
      "size": "small",
      "pixel_coords": [
        276,
        160,
        10.516977310180664
      ],
      "material": "rubber",
      "shape": "sphere",
      "color": "blue"
    },
    {
      "rotation": 0.0,
      "3d_coords": [
        0.8500000238418579,
        1.100000023841858,
        0.3499999940395355
      ],
      "size": "small",
      "pixel_coords": [
        305,
        144,
        11.16865348815918
      ],
      "material": "metal",
      "shape": "cube",
      "color": "yellow"
    },
    {
      "rotation": 0.0,
      "3d_coords": [
        2.0,
        1.100000023841858,
        0.3499999940395355
      ],
      "size": "small",
      "pixel_coords": [
        348,
        163,
        10.404847145080566
      ],
      "material": "rubber",
      "shape": "sphere",
      "color": "blue"
    },
    {
      "rotation": 0.0,
      "3d_coords": [
        1.9299999475479126,
        2.0299999713897705,
        0.3499999940395355
      ],
      "size": "small",
      "pixel_coords": [
        374,
        148,
        10.988649368286133
      ],
      "material": "metal",
      "shape": "cube",
      "color": "yellow"
    },
    {
      "rotation": 0.0,
      "3d_coords": [
        2.869999885559082,
        2.109999895095825,
        0.3499999940395355
      ],
      "size": "small",
      "pixel_coords": [
        415,
        163,
        10.410540580749512
      ],
      "material": "rubber",
      "shape": "sphere",
      "color": "blue"
    }
  ],
  "image_filename": "CLEVR_val_000003.png"
}