{
  "image_index": 3,
  "directions": {
    "left": [
      -0.6563112735748291,
      -0.7544902563095093,
      0.0
    ],
    "right": [
      0.6563112735748291,
      0.7544902563095093,
      -0.0
    ],
    "above": [
      0.0,
      0.0,
      1.0
    ],
    "front": [
      0.754490315914154,
      -0.6563112735748291,
      -0.0
    ],
    "below": [
      -0.0,
      -0.0,
      -1.0
    ],
    "behind": [
      -0.754490315914154,
      0.6563112735748291,
      0.0
    ]
  },
  "image_filename": "CLEVR_val_000003.png",
  "relationships": {
    "front": [
      [
        1,
        3,
        5,
        6,
        7,
        8,
        9,
        10,
        11
      ],
      [
        5,
        7,
        9,
        11
      ],
      [
        1,
        3,
        5,
        6,
        7,
        8,
        9,
        10,
        11
      ],
      [
        9,
        11
      ],
      [
        1,
        3,
        5,
        7,
        8,
        9,
        10,
        11
      ],
      [
        9
      ],
      [
        1,
        3,
        5,
        7,
        9,
        11
      ],
      [],
      [
        1,
        3,
        5,
        7,
        9,
        11
      ],
      [],
      [
        1,
        3,
        5,
        7,
        9,
        11
      ],
      []
    ],
    "right": [
      [
        1,
        2,
        3,
        4,
        5,
        6,
        7,
        8,
        9,
        10,
        11
      ],
      [
        2,
        3,
        4,
        5,
        6,
        7,
        8,
        9,
        10,
        11
      ],
      [
        3,
        4,
        5,
        6,
        7,
        8,
        9,
        10,
        11
      ],
      [
        4,
        5,
        6,
        7,
        8,
        9,
        10,
        11
      ],
      [
        5,
        6,
        7,
        8,
        9,
        10,
        11
      ],
      [
        6,
        7,
        8,
        9,
        10,
        11
      ],
      [
        7,
        8,
        9,
        10,
        11
      ],
      [
        8,
        9,
        10,
        11
      ],
      [
        9,
        10,
        11
      ],
      [
        10,
        11
      ],
      [
        11
      ],
      []
    ],
    "left": [
      [],
      [
        0
      ],
      [
        0,
        1
      ],
      [
        0,
        1,
        2
      ],
      [
        0,
        1,
        2,
        3
      ],
      [
        0,
        1,
        2,
        3,
        4
      ],
      [
        0,
        1,
        2,
        3,
        4,
        5
      ],
      [
        0,
        1,
        2,
        3,
        4,
        5,
        6
      ],
      [
        0,
        1,
        2,
        3,
        4,
        5,
        6,
        7
      ],
      [
        0,
        1,
        2,
        3,
        4,
        5,
        6,
        7,
        8
      ],
      [
        0,
        1,
        2,
        3,
        4,
        5,
        6,
        7,
        8,
        9
      ],
      [
        0,
        1,
        2,
        3,
        4,
        5,
        6,
        7,
        8,
        9,
        10
      ]
    ],
    "behind": [
      [],
      [
        0,
        2,
        4,
        6,
        8,
        10
      ],
      [],
      [
        0,
        2,
        4,
        6,
        8,
        10
      ],
      [],
      [
        0,
        1,
        2,
        4,
        6,
        8,
        10
      ],
      [
        0,
        2
      ],
      [
        0,
        1,
        2,
        4,
        6,
        8,
        10
      ],
      [
        0,
        2,
        4
      ],
      [
        0,
        1,
        2,
        3,
        4,
        5,
        6,
        8,
        10
      ],
      [
        0,
        2,
        4
      ],
      [
        0,
        1,
        2,
        3,
        4,
        6,
        8,
        10
      ]
    ]
  },
  "objects": [
    {
      "material": "metal",
      "rotation": 0.0,
      "color": "gray",
      "size": "small",
      "shape": "sphere",
      "3d_coords": [
        -2.950000047683716,
        -2.950000047683716,
        0.3499999940395355
      ],
      "pixel_coords": [
        48,
        139,
        11.352639198303223
      ]
    },
    {
      "material": "rubber",
      "rotation": 0.0,
      "color": "brown",
      "size": "small",
      "shape": "cylinder",
      "3d_coords": [
        -1.9199999570846558,
        -2.950000047683716,
        0.3499999940395355
      ],
      "pixel_coords": [
        68,
        156,
        10.668534278869629
      ]
    },
    {
      "material": "metal",
      "rotation": 0.0,
      "color": "gray",
      "size": "small",
      "shape": "sphere",
      "3d_coords": [
        -1.9500000476837158,
        -1.9600000381469727,
        0.3499999940395355
      ],
      "pixel_coords": [
        111,
        142,
        11.2604341506958
      ]
    },
    {
      "material": "rubber",
      "rotation": 0.0,
      "color": "brown",
      "size": "small",
      "shape": "cylinder",
      "3d_coords": [
        -0.9399999976158142,
        -2.059999942779541,
        0.3499999940395355
      ],
      "pixel_coords": [
        132,
        160,
        10.531837463378906
      ]
    },
    {
      "material": "metal",
      "rotation": 0.0,
      "color": "gray",
      "size": "small",
      "shape": "sphere",
      "3d_coords": [
        -1.0099999904632568,
        -0.9800000190734863,
        0.3499999940395355
      ],
      "pixel_coords": [
        174,
        143,
        11.202302932739258
      ]
    },
    {
      "material": "rubber",
      "rotation": 0.0,
      "color": "brown",
      "size": "small",
      "shape": "cylinder",
      "3d_coords": [
        0.09000000357627869,
        -0.9700000286102295,
        0.3499999940395355
      ],
      "pixel_coords": [
        206,
        161,
        10.477482795715332
      ]
    },
    {
      "material": "metal",
      "rotation": 0.0,
      "color": "purple",
      "size": "small",
      "shape": "sphere",
      "3d_coords": [
        0.03999999910593033,
        0.009999999776482582,
        0.3499999940395355
      ],
      "pixel_coords": [
        242,
        146,
        11.076889038085938
      ]
    },
    {
      "material": "rubber",
      "rotation": 0.0,
      "color": "brown",
      "size": "small",
      "shape": "cylinder",
      "3d_coords": [
        1.0299999713897705,
        0.019999999552965164,
        0.3499999940395355
      ],
      "pixel_coords": [
        275,
        163,
        10.425128936767578
      ]
    },
    {
      "material": "metal",
      "rotation": 0.0,
      "color": "purple",
      "size": "small",
      "shape": "sphere",
      "3d_coords": [
        1.059999942779541,
        1.0,
        0.3499999940395355
      ],
      "pixel_coords": [
        309,
        149,
        10.971400260925293
      ]
    },
    {
      "material": "rubber",
      "rotation": 0.0,
      "color": "brown",
      "size": "small",
      "shape": "cylinder",
      "3d_coords": [
        2.119999885559082,
        1.0099999904632568,
        0.3499999940395355
      ],
      "pixel_coords": [
        350,
        167,
        10.273148536682129
      ]
    },
    {
      "material": "metal",
      "rotation": 0.0,
      "color": "purple",
      "size": "small",
      "shape": "sphere",
      "3d_coords": [
        2.0199999809265137,
        1.9900000095367432,
        0.3499999940395355
      ],
      "pixel_coords": [
        376,
        150,
        10.905763626098633
      ]
    },
    {
      "material": "rubber",
      "rotation": 0.0,
      "color": "brown",
      "size": "small",
      "shape": "cylinder",
      "3d_coords": [
        2.950000047683716,
        2.0199999809265137,
        0.3499999940395355
      ],