{
  "image_filename": "CLEVR_val_000003.png",
  "split": "val",
  "directions": {
    "behind": [
      -0.754490315914154,
      0.6563112735748291,
      0.0
    ],
    "front": [
      0.754490315914154,
      -0.6563112735748291,
      -0.0
    ],
    "below": [
      -0.0,
      -0.0,
      -1.0
    ],
    "right": [
      0.6563112735748291,
      0.7544902563095093,
      -0.0
    ],
    "left": [
      -0.6563112735748291,
      -0.7544902563095093,
      0.0
    ],
    "above": [
      0.0,
      0.0,
      1.0
    ]
  },
  "image_index": 3,
  "relationships": {
    "left": [
      [],
      [
        0
      ],
      [
        0,
        1
      ],
      [
        0,
        1,
        2
      ],
      [
        0,
        1,
        2,
        3
      ],
      [
        0,
        1,
        2,
        3,
        4
      ],
      [
        0,
        1,
        2,
        3,
        4,
        5
      ],
      [
        0,
        1,
        2,
        3,
        4,
        5,
        6
      ],
      [
        0,
        1,
        2,
        3,
        4,
        5,
        6,
        7
      ],
      [
        0,
        1,
        2,
        3,
        4,
        5,
        6,
        7,
        8
      ],
      [
        0,
        1,
        2,
        3,
        4,
        5,
        6,
        7,
        8,
        9
      ],
      [
        0,
        1,
        2,
        3,
        4,
        5,
        6,
        7,
        8,
        9,
        10
      ]
    ],
    "right": [
      [
        1,
        2,
        3,
        4,
        5,
        6,
        7,
        8,
        9,
        10,
        11
      ],
      [
        2,
        3,
        4,
        5,
        6,
        7,
        8,
        9,
        10,
        11
      ],
      [
        3,
        4,
        5,
        6,
        7,
        8,
        9,
        10,
        11
      ],
      [
        4,
        5,
        6,
        7,
        8,
        9,
        10,
        11
      ],
      [
        5,
        6,
        7,
        8,
        9,
        10,
        11
      ],
      [
        6,
        7,
        8,
        9,
        10,
        11
      ],
      [
        7,
        8,
        9,
        10,
        11
      ],
      [
        8,
        9,
        10,
        11
      ],
      [
        9,
        10,
        11
      ],
      [
        10,
        11
      ],
      [
        11
      ],
      []
    ],
    "behind": [
      [],
      [
        0,
        2,
        4,
        6,
        8
      ],
      [],
      [
        0,
        2,
        4,
        6,
        8,
        10
      ],
      [],
      [
        0,
        1,
        2,
        4,
        6,
        8,
        10
      ],
      [
        0,
        2
      ],
      [
        0,
        1,
        2,
        3,
        4,
        6,
        8,
        10
      ],
      [
        0,
        2,
        4
      ],
      [
        0,
        1,
        2,
        3,
        4,
        5,
        6,
        8,
        10
      ],
      [
        0,
        2,
        4,
        6
      ],
      [
        0,
        1,
        2,
        3,
        4,
        6,
        8,
        10
      ]
    ],
    "front": [
      [
        1,
        3,
        5,
        6,
        7,
        8,
        9,
        10,
        11
      ],
      [
        5,
        7,
        9,
        11
      ],
      [
        1,
        3,
        5,
        6,
        7,
        8,
        9,
        10,
        11
      ],
      [
        7,
        9,
        11
      ],
      [
        1,
        3,
        5,
        7,
        8,
        9,
        10,
        11
      ],
      [
        9
      ],
      [
        1,
        3,
        5,
        7,
        9,
        10,
        11
      ],
      [],
      [
        1,
        3,
        5,
        7,
        9,
        11
      ],
      [],
      [
        3,
        5,
        7,
        9,
        11
      ],
      []
    ]
  },
  "objects": [
    {
      "size": "small",
      "material": "metal",
      "shape": "cube",
      "3d_coords": [
        -2.8499999046325684,
        -2.950000047683716,
        0.3499999940395355
      ],
      "pixel_coords": [
        49,
        141,
        11.28622055053711
      ],
      "color": "red",
      "rotation": 0.0
    },
    {
      "size": "small",
      "material": "rubber",
      "shape": "cylinder",
      "3d_coords": [
        -1.8700000047683716,
        -2.950000047683716,
        0.3499999940395355
      ],
      "pixel_coords": [
        70,
        157,
        10.63532543182373
      ],
      "color": "gray",
      "rotation": 0.0
    },
    {
      "size": "small",
      "material": "metal",
      "shape": "cube",
      "3d_coords": [
        -1.909999966621399,
        -2.049999952316284,
        0.3499999940395355
      ],
      "pixel_coords": [
        109,
        143,
        11.181869506835938
      ],
      "color": "red",
      "rotation": 0.0
    },
    {
      "size": "small",
      "material": "rubber",
      "shape": "cylinder",
      "3d_coords": [
        -0.8399999737739563,
        -2.0199999809265137,
        0.3499999940395355
      ],
      "pixel_coords": [
        136,
        161,
        10.488530158996582
      ],
      "color": "gray",
      "rotation": 0.0
    },
    {
      "size": "small",
      "material": "metal",
      "shape": "cube",
      "3d_coords": [
        -0.9300000071525574,
        -1.0299999713897705,
        0.3499999940395355
      ],
      "pixel_coords": [
        174,
        145,
        11.120280265808105
      ],
      "color": "red",
      "rotation": 0.0
    },
    {
      "size": "small",
      "material": "rubber",
      "shape": "cylinder",
      "3d_coords": [
        0.15000000596046448,
        -0.9900000095367432,
        0.3499999940395355
      ],
      "pixel_coords": [
        207,
        163,
        10.426076889038086
      ],
      "color": "gray",
      "rotation": 0.0
    },
    {
      "size": "small",
      "material": "metal",
      "shape": "cube",
      "3d_coords": [
        0.14000000059604645,
        -0.029999999329447746,
        0.3499999940395355
      ],
      "pixel_coords": [
        243,
        148,
        10.987360954284668
      ],
      "color": "green",
      "rotation": 0.0
    },
    {
      "size": "small",
      "material": "rubber",
      "shape": "cylinder",
      "3d_coords": [
        1.1399999856948853,
        -0.07999999821186066,
        0.3499999940395355
      ],
      "pixel_coords": [
        275,
        166,
        10.294294357299805
      ],
      "color": "gray",
      "rotation": 0.0
    },
    {
      "size": "small",
      "material": "metal",
      "shape": "cube",
      "3d_coords": [
        1.1799999475479126,
        1.0099999904632568,
        0.3499999940395355
      ],
      "pixel_coords": [
        314,
        150,
        10.897477149963379
      ],
      "color": "green",
      "rotation": 0.0
    },
    {
      "size": "small",
      "material": "rubber",
      "shape": "cylinder",
      "3d_coords": [
        2.109999895095825,
        0.9200000166893005,
        0.3499999940395355
      ],
      "pixel_coords": [
        347,
        168,
        10.227792739868164
      ],
      "color": "gray",
      "rotation": 0.0
    },
    {
      "size": "small",
      "material": "metal",
      "shape": "cube",
      "3d_coords": [
        2.1500000953674316,
        1.9500000476837158,
        0.3499999940395355
      ],
      "pixel_coords": [
        380,
        153,
        10.796309471130371
      ],
      "color": "green",
      "rotation": 0.0
    },
    {
      "size": "small",
      "material": "rubber",
      "shape": "cylinder",
      "3d_coords": [
        2.950000047683716,
        2.0299999713897705,
        0.3499999940395355
      ],
      "pixel_coords": [
        417,
        166,
        10.311186790466309
      ],