lr-Adam,step,train_loss,epoch,accuracy
0.0003,49,,,
,49,0.5117897391319275,0,
0.0003,99,,,
,99,0.5878649950027466,0,
0.0003,149,,,
,149,0.5456570982933044,0,
,149,,0,0.37599998712539673
0.0003,199,,,
,199,0.5620123147964478,1,
0.0003,249,,,
,249,0.571412205696106,1,
